<?xml version="1.0" encoding="UTF-8"?>
<root>
  <item name="component.baselib.utils.window.RomUtils java.lang.String getRomName()">
    <annotation name="android.support.annotation.StringDef">
      <val name="value" val="{component.baselib.utils.window.RomUtils.ROM_MIUI, component.baselib.utils.window.RomUtils.ROM_EMUI, component.baselib.utils.window.RomUtils.ROM_VIVO, component.baselib.utils.window.RomUtils.ROM_OPPO, component.baselib.utils.window.RomUtils.ROM_FLYME, component.baselib.utils.window.RomUtils.ROM_SMARTISAN, component.baselib.utils.window.RomUtils.ROM_QIKU, component.baselib.utils.window.RomUtils.ROM_LETV, component.baselib.utils.window.RomUtils.ROM_LENOVO, component.baselib.utils.window.RomUtils.ROM_ZTE, component.baselib.utils.window.RomUtils.ROM_COOLPAD, component.baselib.utils.window.RomUtils.ROM_UNKNOWN}" />
    </annotation>
  </item>
  <item name="component.baselib.utils.window.RomUtils.RomName">
    <annotation name="android.support.annotation.StringDef">
      <val name="value" val="{component.baselib.utils.window.RomUtils.ROM_MIUI, component.baselib.utils.window.RomUtils.ROM_EMUI, component.baselib.utils.window.RomUtils.ROM_VIVO, component.baselib.utils.window.RomUtils.ROM_OPPO, component.baselib.utils.window.RomUtils.ROM_FLYME, component.baselib.utils.window.RomUtils.ROM_SMARTISAN, component.baselib.utils.window.RomUtils.ROM_QIKU, component.baselib.utils.window.RomUtils.ROM_LETV, component.baselib.utils.window.RomUtils.ROM_LENOVO, component.baselib.utils.window.RomUtils.ROM_ZTE, component.baselib.utils.window.RomUtils.ROM_COOLPAD, component.baselib.utils.window.RomUtils.ROM_UNKNOWN}" />
    </annotation>
  </item>
</root>

